{"cameraMode":{"drawMode":0,"name":"Shaded","section":"Shading Mode"},"sceneLighting":true,"audioPlay":false,"sceneViewState":{"m_AlwaysRefresh":false,"showFog":true,"showSkybox":true,"showFlares":true,"showImageEffects":true,"showParticleSystems":true,"showVisualEffectGraphs":true,"m_FxEnabled":true},"in2DMode":false,"pivot":{"x":-0.9182345271110535,"y":3.3771605491638185,"z":0.817164421081543},"rotation":{"x":0.09132563322782517,"y":0.0313618928194046,"z":-0.002879917621612549,"w":0.9953086376190186},"size":4.920065402984619,"orthographic":false}